{"73": {"h": [3206], "t": [786]}, "98": {"h": [4182], "t": [956]}, "2": {"h": [2396], "t": [4232]}, "134": {"h": [2394], "t": [1629]}, "87": {"h": [2211], "t": [1398]}, "12": {"h": [2590], "t": [3778]}, "38": {"h": [4036], "t": [194]}, "141": {"h": [2868], "t": [174]}, "30": {"h": [2312], "t": [156]}, "115": {"h": [3314], "t": [1986]}, "105": {"h": [2235], "t": [2632]}, "185": {"h": [3481], "t": [2629]}, "81": {"h": [2061], "t": [2693]}, "36": {"h": [3592], "t": [960]}, "189": {"h": [3076], "t": [3938]}, "118": {"h": [1781], "t": [1782]}, "37": {"h": [331], "t": [3769]}, "74": {"h": [3023], "t": [3087]}, "201": {"h": [2710], "t": [2921]}, "186": {"h": [1824], "t": [1823]}, "136": {"h": [1909], "t": [1910]}, "164": {"h": [1242], "t": [2640]}, "153": {"h": [2998], "t": [2999]}, "92": {"h": [3198], "t": [1841]}, "165": {"h": [3486], "t": [1560]}, "144": {"h": [2009], "t": [2010]}, "9": {"h": [2899], "t": [2900]}, "10": {"h": [3811], "t": [58]}, "60": {"h": [3073], "t": [2521]}, "68": {"h": [3429], "t": [375]}, "25": {"h": [1887], "t": [1888]}, "126": {"h": [1790], "t": [547]}, "121": {"h": [2398], "t": [4329]}, "3": {"h": [3475], "t": [1956]}, "0": {"h": [2012], "t": [1]}, "49": {"h": [2649], "t": [2647]}, "162": {"h": [2601], "t": [238]}, "123": {"h": [3006], "t": [3331]}, "172": {"h": [484], "t": [3392]}, "146": {"h": [2019], "t": [2026]}, "130": {"h": [3538], "t": [1569]}, "94": {"h": [3953], "t": [3315]}, "195": {"h": [3816], "t": [3814]}, "191": {"h": [489], "t": [455]}, "80": {"h": [3902], "t": [593]}, "151": {"h": [2913], "t": [3847]}, "17": {"h": [2336], "t": [3793]}, "100": {"h": [3736], "t": [262]}, "192": {"h": [4012], "t": [4006]}, "160": {"h": [4007], "t": [3801]}, "137": {"h": [4099], "t": [4099]}, "166": {"h": [3696], "t": [2704]}, "1": {"h": [3795], "t": [717]}, "103": {"h": [997], "t": [996]}, "187": {"h": [2151], "t": [1674]}, "40": {"h": [1695], "t": [366]}, "18": {"h": [1785], "t": [784]}, "99": {"h": [886], "t": [887]}, "106": {"h": [2853], "t": [1908]}, "178": {"h": [2033], "t": [887]}, "190": {"h": [659], "t": [2093]}, "101": {"h": [1004], "t": [986]}, "71": {"h": [248], "t": [366]}, "86": {"h": [1037], "t": [3393]}, "198": {"h": [154], "t": [3389]}, "142": {"h": [4198], "t": [2648]}, "13": {"h": [3918], "t": [3281]}, "111": {"h": [1211], "t": [23]}, "184": {"h": [3464], "t": [1496]}, "159": {"h": [1681], "t": [3084]}, "44": {"h": [3063], "t": [993]}, "131": {"h": [2388], "t": [1975]}, "20": {"h": [2296], "t": [2473]}, "67": {"h": [2697], "t": [1714]}, "14": {"h": [48], "t": [49]}, "147": {"h": [3594], "t": [2099]}, "182": {"h": [3178], "t": [3443]}}