{"32": {"h": [1566], "t": [729]}, "12": {"h": [803], "t": [35]}, "55": {"h": [848], "t": [1263]}, "47": {"h": [707], "t": [708]}, "70": {"h": [261], "t": [571]}, "24": {"h": [1749], "t": [554]}, "36": {"h": [2026], "t": [1763]}, "56": {"h": [2441], "t": [1817]}, "59": {"h": [1110], "t": [539]}, "67": {"h": [216], "t": [1765]}, "41": {"h": [904], "t": [906]}, "6": {"h": [414], "t": [415]}, "1": {"h": [1258], "t": [326]}, "14": {"h": [2132], "t": [2139]}, "35": {"h": [710], "t": [1161]}, "54": {"h": [963], "t": [524]}, "63": {"h": [1503], "t": [1140]}, "46": {"h": [963], "t": [964]}, "10": {"h": [179], "t": [36]}, "2": {"h": [2019], "t": [6]}, "76": {"h": [1893], "t": [2393]}, "45": {"h": [663], "t": [2270]}, "58": {"h": [2415], "t": [1096]}, "19": {"h": [2266], "t": [136]}, "39": {"h": [1456], "t": [1512]}, "21": {"h": [1834], "t": [341]}, "42": {"h": [2098], "t": [2441]}, "44": {"h": [1729], "t": [675]}, "25": {"h": [663], "t": [2379]}, "28": {"h": [2441], "t": [925]}, "30": {"h": [752], "t": [132]}, "33": {"h": [631], "t": [1547]}, "38": {"h": [2063], "t": [2064]}, "7": {"h": [2250], "t": [2468]}, "53": {"h": [1435], "t": [1436]}, "62": {"h": [2495], "t": [75]}, "0": {"h": [136], "t": [1]}, "57": {"h": [1018], "t": [1024]}, "65": {"h": [2067], "t": [1426]}, "16": {"h": [2341], "t": [2340]}, "3": {"h": [1083], "t": [1085]}, "51": {"h": [446], "t": [318]}, "8": {"h": [2340], "t": [2428]}, "68": {"h": [1693], "t": [524]}, "60": {"h": [694], "t": [2583]}, "74": {"h": [79], "t": [230]}, "64": {"h": [856], "t": [142]}, "49": {"h": [818], "t": [819]}, "37": {"h": [305], "t": [306]}, "69": {"h": [130], "t": [1762]}, "15": {"h": [294], "t": [295]}, "17": {"h": [1683], "t": [230]}, "13": {"h": [65], "t": [66]}, "75": {"h": [2211], "t": [2212]}, "31": {"h": [622], "t": [524]}, "73": {"h": [2093], "t": [2401]}, "20": {"h": [2527], "t": [2288]}, "27": {"h": [234], "t": [235]}, "5": {"h": [1948], "t": [691]}, "72": {"h": [1199], "t": [279]}, "66": {"h": [1389], "t": [1390]}, "61": {"h": [671], "t": [1175]}, "18": {"h": [1562], "t": [866]}, "23": {"h": [2169], "t": [6]}, "43": {"h": [1202], "t": [279]}, "34": {"h": [1754], "t": [2430]}, "26": {"h": [1052], "t": [2401]}, "22": {"h": [241], "t": [2404]}, "4": {"h": [1569], "t": [2054]}, "50": {"h": [1306], "t": [1813]}, "9": {"h": [70], "t": [468]}, "40": {"h": [361], "t": [101]}, "11": {"h": [1437], "t": [394]}, "52": {"h": [902], "t": [903]}, "71": {"h": [2093], "t": [2094]}, "29": {"h": [2021], "t": [1097]}, "48": {"h": [1477], "t": [1106]}}