{"137": {"h": [1049], "t": [1049]}, "94": {"h": [297], "t": [783]}, "165": {"h": [137], "t": [2653]}, "201": {"h": [4111], "t": [2982]}, "80": {"h": [592], "t": [593]}, "118": {"h": [3400], "t": [773]}, "159": {"h": [1681], "t": [264]}, "147": {"h": [390], "t": [2101]}, "40": {"h": [2326], "t": [366]}, "153": {"h": [2498], "t": [4354]}, "2": {"h": [2735], "t": [16]}, "49": {"h": [1436], "t": [1435]}, "73": {"h": [3453], "t": [3211]}, "185": {"h": [3481], "t": [2629]}, "191": {"h": [447], "t": [455]}, "130": {"h": [871], "t": [1342]}, "99": {"h": [886], "t": [887]}, "20": {"h": [3802], "t": [3802]}, "182": {"h": [3178], "t": [718]}, "190": {"h": [3088], "t": [3742]}, "121": {"h": [4202], "t": [3485]}, "142": {"h": [4198], "t": [2648]}, "105": {"h": [1593], "t": [2635]}, "74": {"h": [3397], "t": [1429]}, "100": {"h": [960], "t": [2477]}, "186": {"h": [1824], "t": [1823]}, "81": {"h": [1674], "t": [2151]}, "198": {"h": [4321], "t": [654]}, "106": {"h": [3593], "t": [1908]}, "123": {"h": [1373], "t": [3755]}, "3": {"h": [2867], "t": [3691]}, "30": {"h": [956], "t": [156]}, "134": {"h": [1689], "t": [1815]}, "162": {"h": [2601], "t": [238]}, "166": {"h": [3111], "t": [2704]}, "10": {"h": [3811], "t": [229]}, "25": {"h": [3980], "t": [559]}, "136": {"h": [2802], "t": [16]}, "192": {"h": [1786], "t": [2017]}, "187": {"h": [1311], "t": [2433]}, "44": {"h": [4293], "t": [233]}, "151": {"h": [3965], "t": [3966]}, "184": {"h": [3462], "t": [1456]}, "146": {"h": [2019], "t": [4143]}, "160": {"h": [413], "t": [2531]}, "101": {"h": [1571], "t": [986]}, "9": {"h": [3304], "t": [3009]}, "86": {"h": [3692], "t": [3395]}, "144": {"h": [2009], "t": [2010]}, "36": {"h": [1764], "t": [960]}, "14": {"h": [2379], "t": [716]}, "111": {"h": [23], "t": [1211]}, "1": {"h": [182], "t": [4367]}, "164": {"h": [4012], "t": [3400]}, "98": {"h": [3739], "t": [41]}, "189": {"h": [41], "t": [3741]}, "126": {"h": [1790], "t": [547]}, "68": {"h": [1598], "t": [1599]}, "67": {"h": [4436], "t": [1714]}, "92": {"h": [1944], "t": [935]}, "115": {"h": [910], "t": [617]}, "13": {"h": [1132], "t": [1275]}, "141": {"h": [2868], "t": [174]}, "38": {"h": [4205], "t": [982]}, "60": {"h": [1109], "t": [2899]}, "195": {"h": [3816], "t": [3814]}, "18": {"h": [934], "t": [935]}, "131": {"h": [3198], "t": [1975]}, "103": {"h": [996], "t": [997]}, "172": {"h": [4008], "t": [1674]}, "178": {"h": [2377], "t": [887]}, "0": {"h": [4281], "t": [1]}, "17": {"h": [4415], "t": [2156]}, "37": {"h": [1429], "t": [2453]}, "87": {"h": [1702], "t": [3528]}, "12": {"h": [332], "t": [166]}, "71": {"h": [436], "t": [478]}}