{"8": {"h": [442], "t": [443]}, "23": {"h": [74], "t": [75]}, "121": {"h": [923], "t": [2052]}, "39": {"h": [2204], "t": [656]}, "84": {"h": [94], "t": [2208]}, "83": {"h": [1478], "t": [2492]}, "96": {"h": [2761], "t": [1268]}, "168": {"h": [22], "t": [420]}, "32": {"h": [2425], "t": [1190]}, "28": {"h": [1203], "t": [1202]}, "100": {"h": [2423], "t": [148]}, "178": {"h": [2366], "t": [44]}, "61": {"h": [2420], "t": [2150]}, "180": {"h": [2413], "t": [1418]}, "58": {"h": [684], "t": [126]}, "62": {"h": [2175], "t": [2180]}, "172": {"h": [1413], "t": [1738]}, "132": {"h": [1287], "t": [94]}, "117": {"h": [2346], "t": [810]}, "49": {"h": [200], "t": [207]}, "38": {"h": [2051], "t": [2443]}, "45": {"h": [2773], "t": [1922]}, "124": {"h": [2135], "t": [2110]}, "137": {"h": [1109], "t": [2305]}, "156": {"h": [1190], "t": [1193]}, "101": {"h": [2336], "t": [1751]}, "130": {"h": [968], "t": [44]}, "12": {"h": [1879], "t": [68]}, "160": {"h": [496], "t": [559]}, "79": {"h": [1626], "t": [155]}, "92": {"h": [137], "t": [1409]}, "65": {"h": [2300], "t": [158]}, "145": {"h": [2515], "t": [2246]}, "0": {"h": [193], "t": [1]}, "90": {"h": [908], "t": [745]}, "42": {"h": [466], "t": [158]}, "114": {"h": [2135], "t": [487]}, "166": {"h": [950], "t": [1434]}, "113": {"h": [654], "t": [655]}, "165": {"h": [2773], "t": [1922]}, "21": {"h": [1648], "t": [2189]}, "18": {"h": [1407], "t": [1408]}, "82": {"h": [343], "t": [346]}, "5": {"h": [524], "t": [525]}, "102": {"h": [732], "t": [551]}, "128": {"h": [2282], "t": [897]}, "88": {"h": [1375], "t": [1484]}, "41": {"h": [1695], "t": [150]}, "152": {"h": [1987], "t": [406]}, "25": {"h": [422], "t": [44]}, "6": {"h": [2448], "t": [2451]}, "151": {"h": [1337], "t": [2518]}, "141": {"h": [159], "t": [2147]}, "71": {"h": [1205], "t": [1127]}, "52": {"h": [1646], "t": [2176]}, "149": {"h": [1483], "t": [566]}, "98": {"h": [884], "t": [2371]}, "34": {"h": [178], "t": [121]}, "103": {"h": [236], "t": [1859]}, "2": {"h": [0], "t": [3]}, "16": {"h": [46], "t": [47]}, "177": {"h": [335], "t": [814]}, "70": {"h": [1116], "t": [1146]}, "110": {"h": [0], "t": [793]}, "147": {"h": [1064], "t": [166]}, "4": {"h": [2630], "t": [13]}, "63": {"h": [237], "t": [1812]}, "13": {"h": [1873], "t": [1831]}, "74": {"h": [1484], "t": [2626]}, "37": {"h": [2191], "t": [897]}, "77": {"h": [403], "t": [1675]}, "78": {"h": [1845], "t": [329]}, "176": {"h": [2265], "t": [1506]}, "3": {"h": [2749], "t": [6]}, "153": {"h": [489], "t": [13]}, "14": {"h": [1644], "t": [170]}, "48": {"h": [1653], "t": [1095]}, "163": {"h": [1728], "t": [1729]}, "44": {"h": [2658], "t": [1539]}, "43": {"h": [558], "t": [132]}, "20": {"h": [1287], "t": [1285]}, "119": {"h": [2761], "t": [2762]}, "46": {"h": [114], "t": [2726]}, "154": {"h": [282], "t": [2599]}}