{"207": {"h": [1421], "t": [2967]}, "77": {"h": [1077], "t": [3681]}, "200": {"h": [1255], "t": [1256]}, "202": {"h": [3674], "t": [2817]}, "112": {"h": [910], "t": [889]}, "210": {"h": [3757], "t": [169]}, "70": {"h": [3600], "t": [42]}, "176": {"h": [2451], "t": [1690]}, "14": {"h": [1313], "t": [111]}, "191": {"h": [377], "t": [2186]}, "5": {"h": [306], "t": [455]}, "165": {"h": [3956], "t": [1192]}, "96": {"h": [984], "t": [736]}, "29": {"h": [514], "t": [104]}, "28": {"h": [99], "t": [2093]}, "194": {"h": [3209], "t": [1412]}, "73": {"h": [1737], "t": [348]}, "97": {"h": [1594], "t": [743]}, "110": {"h": [934], "t": [935]}, "141": {"h": [1363], "t": [1463]}, "152": {"h": [151], "t": [1985]}, "1": {"h": [1498], "t": [3487]}, "11": {"h": [851], "t": [1957]}, "160": {"h": [3231], "t": [3232]}, "114": {"h": [2589], "t": [1040]}, "138": {"h": [3987], "t": [544]}, "69": {"h": [1391], "t": [1405]}, "127": {"h": [3722], "t": [3609]}, "177": {"h": [3778], "t": [1546]}, "178": {"h": [3049], "t": [531]}, "0": {"h": [2699], "t": [1]}, "157": {"h": [3963], "t": [278]}, "162": {"h": [2238], "t": [1885]}, "124": {"h": [2518], "t": [2519]}, "113": {"h": [2149], "t": [1034]}, "40": {"h": [169], "t": [170]}, "168": {"h": [2471], "t": [1955]}, "205": {"h": [3690], "t": [3691]}, "111": {"h": [1739], "t": [1597]}, "150": {"h": [1214], "t": [2497]}, "36": {"h": [3522], "t": [2938]}, "179": {"h": [2332], "t": [1488]}, "45": {"h": [1422], "t": [42]}, "56": {"h": [2735], "t": [3752]}, "8": {"h": [3322], "t": [34]}, "39": {"h": [1339], "t": [1340]}, "155": {"h": [3646], "t": [1789]}, "89": {"h": [168], "t": [1912]}, "101": {"h": [1711], "t": [790]}, "80": {"h": [516], "t": [517]}, "148": {"h": [3191], "t": [2609]}, "31": {"h": [3294], "t": [3226]}, "153": {"h": [3410], "t": [2283]}, "197": {"h": [3356], "t": [743]}, "68": {"h": [2982], "t": [2983]}, "137": {"h": [2045], "t": [1257]}, "174": {"h": [1443], "t": [1542]}, "131": {"h": [3546], "t": [2137]}, "119": {"h": [1038], "t": [1123]}, "170": {"h": [409], "t": [2966]}, "99": {"h": [736], "t": [2795]}, "117": {"h": [1114], "t": [1115]}, "10": {"h": [334], "t": [1136]}, "195": {"h": [3214], "t": [3551]}, "72": {"h": [1523], "t": [1523]}, "115": {"h": [2149], "t": [1050]}, "79": {"h": [495], "t": [191]}, "211": {"h": [1814], "t": [3765]}, "118": {"h": [2990], "t": [3000]}, "4": {"h": [3985], "t": [2353]}, "2": {"h": [2636], "t": [16]}, "15": {"h": [3463], "t": [3325]}}