{"156": {"h": [1193], "t": [1194]}, "178": {"h": [2366], "t": [44]}, "4": {"h": [222], "t": [234]}, "42": {"h": [620], "t": [814]}, "132": {"h": [1102], "t": [1101]}, "119": {"h": [2761], "t": [2762]}, "44": {"h": [796], "t": [221]}, "2": {"h": [0], "t": [3]}, "103": {"h": [2638], "t": [2647]}, "83": {"h": [2433], "t": [2689]}, "153": {"h": [113], "t": [234]}, "74": {"h": [1858], "t": [2554]}, "88": {"h": [413], "t": [32]}, "37": {"h": [489], "t": [132]}, "147": {"h": [1803], "t": [1410]}, "110": {"h": [598], "t": [599]}, "160": {"h": [276], "t": [1859]}, "34": {"h": [2631], "t": [993]}, "71": {"h": [799], "t": [1127]}, "23": {"h": [2086], "t": [74]}, "25": {"h": [464], "t": [44]}, "152": {"h": [1569], "t": [385]}, "84": {"h": [94], "t": [2208]}, "43": {"h": [2747], "t": [496]}, "172": {"h": [2110], "t": [2111]}, "165": {"h": [1068], "t": [381]}, "63": {"h": [240], "t": [37]}, "21": {"h": [203], "t": [1405]}, "14": {"h": [1591], "t": [309]}, "32": {"h": [37], "t": [1190]}, "128": {"h": [1571], "t": [113]}, "141": {"h": [2170], "t": [2712]}, "8": {"h": [1377], "t": [1369]}, "70": {"h": [1165], "t": [2772]}, "52": {"h": [382], "t": [2176]}, "28": {"h": [918], "t": [399]}, "78": {"h": [1822], "t": [329]}, "100": {"h": [547], "t": [94]}, "82": {"h": [343], "t": [346]}, "176": {"h": [2265], "t": [1506]}, "6": {"h": [2448], "t": [962]}, "90": {"h": [2239], "t": [127]}, "145": {"h": [1428], "t": [1429]}, "13": {"h": [1910], "t": [94]}, "39": {"h": [745], "t": [655]}, "137": {"h": [1109], "t": [1918]}, "46": {"h": [114], "t": [2726]}, "41": {"h": [1857], "t": [149]}, "62": {"h": [330], "t": [2179]}, "124": {"h": [2135], "t": [2110]}, "49": {"h": [678], "t": [2177]}, "121": {"h": [1182], "t": [764]}, "18": {"h": [1847], "t": [1955]}, "177": {"h": [983], "t": [158]}, "166": {"h": [2263], "t": [1956]}, "20": {"h": [495], "t": [1586]}, "130": {"h": [1892], "t": [2559]}, "163": {"h": [1766], "t": [44]}, "5": {"h": [259], "t": [2622]}, "65": {"h": [1897], "t": [335]}, "114": {"h": [2135], "t": [50]}, "58": {"h": [426], "t": [99]}, "96": {"h": [1392], "t": [1268]}, "45": {"h": [698], "t": [2344]}, "168": {"h": [2265], "t": [142]}, "12": {"h": [903], "t": [1981]}, "16": {"h": [46], "t": [1591]}, "113": {"h": [654], "t": [655]}, "79": {"h": [142], "t": [264]}, "101": {"h": [1491], "t": [1492]}, "61": {"h": [1174], "t": [2431]}, "102": {"h": [550], "t": [551]}, "48": {"h": [1653], "t": [2441]}, "38": {"h": [1336], "t": [1339]}, "180": {"h": [2413], "t": [1418]}, "149": {"h": [1483], "t": [566]}, "0": {"h": [2655], "t": [1]}, "92": {"h": [973], "t": [2245]}, "3": {"h": [504], "t": [6]}, "77": {"h": [1894], "t": [635]}, "98": {"h": [1112], "t": [1113]}, "154": {"h": [496], "t": [1862]}, "151": {"h": [1033], "t": [2094]}, "117": {"h": [1004], "t": [1875]}}