{"191": {"h": [483], "t": [462]}, "190": {"h": [3179], "t": [38]}, "144": {"h": [2009], "t": [2010]}, "80": {"h": [764], "t": [765]}, "111": {"h": [23], "t": [1211]}, "67": {"h": [2979], "t": [3316]}, "10": {"h": [3811], "t": [58]}, "165": {"h": [3785], "t": [47]}, "14": {"h": [232], "t": [3028]}, "151": {"h": [2913], "t": [3847]}, "195": {"h": [2597], "t": [3923]}, "68": {"h": [843], "t": [308]}, "126": {"h": [548], "t": [1791]}, "86": {"h": [664], "t": [665]}, "121": {"h": [624], "t": [3485]}, "134": {"h": [2394], "t": [1418]}, "146": {"h": [2019], "t": [2026]}, "186": {"h": [1824], "t": [1823]}, "13": {"h": [3480], "t": [229]}, "71": {"h": [436], "t": [450]}, "136": {"h": [3967], "t": [339]}, "38": {"h": [801], "t": [194]}, "187": {"h": [3235], "t": [3816]}, "37": {"h": [1429], "t": [1052]}, "20": {"h": [2977], "t": [4285]}, "0": {"h": [1154], "t": [1]}, "185": {"h": [3481], "t": [2629]}, "115": {"h": [2668], "t": [2669]}, "130": {"h": [1632], "t": [1025]}, "141": {"h": [2868], "t": [174]}, "17": {"h": [2976], "t": [2977]}, "184": {"h": [3463], "t": [3321]}, "106": {"h": [3015], "t": [1249]}, "137": {"h": [3512], "t": [3512]}, "192": {"h": [3800], "t": [2018]}, "198": {"h": [2711], "t": [1536]}, "94": {"h": [3825], "t": [783]}, "18": {"h": [3800], "t": [674]}, "60": {"h": [1109], "t": [2899]}, "103": {"h": [996], "t": [997]}, "98": {"h": [4182], "t": [956]}, "131": {"h": [1376], "t": [1975]}, "160": {"h": [2535], "t": [2531]}, "36": {"h": [3616], "t": [960]}, "25": {"h": [1566], "t": [315]}, "159": {"h": [1681], "t": [3084]}, "81": {"h": [2061], "t": [2693]}, "73": {"h": [1122], "t": [3211]}, "40": {"h": [3000], "t": [366]}, "12": {"h": [3823], "t": [3824]}, "147": {"h": [2087], "t": [2099]}, "49": {"h": [2891], "t": [3854]}, "123": {"h": [1373], "t": [3755]}, "92": {"h": [1731], "t": [785]}, "30": {"h": [1682], "t": [156]}, "153": {"h": [619], "t": [3123]}, "172": {"h": [495], "t": [3246]}, "201": {"h": [2715], "t": [2982]}, "178": {"h": [2033], "t": [887]}, "182": {"h": [3178], "t": [3445]}, "164": {"h": [3007], "t": [1781]}, "99": {"h": [886], "t": [887]}, "44": {"h": [3249], "t": [2380]}, "87": {"h": [2212], "t": [331]}, "166": {"h": [924], "t": [2704]}, "105": {"h": [3593], "t": [1070]}, "189": {"h": [3076], "t": [3938]}, "142": {"h": [1988], "t": [1990]}, "2": {"h": [3716], "t": [2134]}, "101": {"h": [1936], "t": [986]}, "74": {"h": [2425], "t": [3087]}, "1": {"h": [182], "t": [4367]}, "3": {"h": [1095], "t": [805]}, "118": {"h": [1828], "t": [1829]}, "9": {"h": [3304], "t": [3009]}, "162": {"h": [2601], "t": [238]}, "100": {"h": [960], "t": [691]}}