{"71": {"h": [1372], "t": [802]}, "166": {"h": [642], "t": [1728]}, "45": {"h": [188], "t": [104]}, "124": {"h": [2135], "t": [2143]}, "165": {"h": [2186], "t": [1357]}, "77": {"h": [1903], "t": [489]}, "79": {"h": [1812], "t": [264]}, "98": {"h": [406], "t": [1967]}, "113": {"h": [1199], "t": [600]}, "41": {"h": [1790], "t": [149]}, "90": {"h": [908], "t": [745]}, "5": {"h": [259], "t": [1755]}, "14": {"h": [2528], "t": [587]}, "101": {"h": [2158], "t": [1751]}, "141": {"h": [2170], "t": [2712]}, "178": {"h": [2366], "t": [44]}, "145": {"h": [1595], "t": [1229]}, "117": {"h": [1386], "t": [1388]}, "92": {"h": [137], "t": [1409]}, "3": {"h": [1155], "t": [6]}, "4": {"h": [1864], "t": [233]}, "83": {"h": [1140], "t": [2477]}, "154": {"h": [1844], "t": [1601]}, "2": {"h": [0], "t": [3]}, "121": {"h": [2342], "t": [2052]}, "46": {"h": [22], "t": [59]}, "100": {"h": [1491], "t": [346]}, "114": {"h": [674], "t": [29]}, "58": {"h": [1327], "t": [1009]}, "160": {"h": [1695], "t": [1227]}, "70": {"h": [482], "t": [821]}, "74": {"h": [420], "t": [1617]}, "28": {"h": [1219], "t": [554]}, "6": {"h": [2604], "t": [1418]}, "151": {"h": [1451], "t": [1520]}, "172": {"h": [2087], "t": [2753]}, "0": {"h": [2646], "t": [1]}, "137": {"h": [1109], "t": [2305]}, "156": {"h": [1194], "t": [111]}, "61": {"h": [2245], "t": [258]}, "23": {"h": [75], "t": [1701]}, "48": {"h": [323], "t": [2098]}, "128": {"h": [2282], "t": [1850]}, "37": {"h": [1676], "t": [618]}, "21": {"h": [1648], "t": [203]}, "163": {"h": [1728], "t": [1729]}, "49": {"h": [918], "t": [2501]}, "177": {"h": [335], "t": [983]}, "147": {"h": [1803], "t": [1410]}, "39": {"h": [34], "t": [2674]}, "82": {"h": [343], "t": [346]}, "78": {"h": [1842], "t": [329]}, "20": {"h": [2095], "t": [2096]}, "42": {"h": [2320], "t": [335]}, "18": {"h": [1855], "t": [2567]}, "180": {"h": [2413], "t": [1418]}, "25": {"h": [2784], "t": [44]}, "152": {"h": [1987], "t": [1842]}, "168": {"h": [903], "t": [406]}, "44": {"h": [655], "t": [569]}, "102": {"h": [550], "t": [551]}, "38": {"h": [1627], "t": [1628]}, "132": {"h": [1280], "t": [94]}, "149": {"h": [2167], "t": [566]}, "119": {"h": [1392], "t": [1393]}, "34": {"h": [439], "t": [179]}, "16": {"h": [46], "t": [47]}, "52": {"h": [228], "t": [6]}, "84": {"h": [276], "t": [1821]}, "13": {"h": [880], "t": [94]}, "63": {"h": [240], "t": [37]}, "43": {"h": [222], "t": [37]}, "62": {"h": [2054], "t": [2563]}, "110": {"h": [940], "t": [850]}, "12": {"h": [106], "t": [27]}, "88": {"h": [411], "t": [1510]}, "8": {"h": [1492], "t": [1212]}, "130": {"h": [2126], "t": [44]}, "153": {"h": [1848], "t": [13]}, "176": {"h": [2265], "t": [1506]}, "65": {"h": [1415], "t": [983]}, "96": {"h": [2557], "t": [1444]}, "103": {"h": [237], "t": [1601]}, "32": {"h": [1210], "t": [1189]}}