{"69": {"h": [722], "t": [1405]}, "200": {"h": [349], "t": [1256]}, "10": {"h": [2640], "t": [3168]}, "11": {"h": [3561], "t": [555]}, "70": {"h": [1450], "t": [2016]}, "112": {"h": [1790], "t": [1366]}, "8": {"h": [2601], "t": [507]}, "115": {"h": [2882], "t": [1048]}, "15": {"h": [3324], "t": [3366]}, "127": {"h": [1255], "t": [1256]}, "36": {"h": [660], "t": [3278]}, "28": {"h": [1602], "t": [633]}, "148": {"h": [1950], "t": [766]}, "174": {"h": [2103], "t": [2916]}, "157": {"h": [3281], "t": [676]}, "155": {"h": [1246], "t": [1789]}, "73": {"h": [2730], "t": [348]}, "80": {"h": [366], "t": [1694]}, "29": {"h": [3255], "t": [1072]}, "77": {"h": [42], "t": [2285]}, "101": {"h": [1521], "t": [790]}, "153": {"h": [2105], "t": [1434]}, "177": {"h": [1357], "t": [2241]}, "99": {"h": [842], "t": [840]}, "211": {"h": [623], "t": [3759]}, "2": {"h": [2217], "t": [16]}, "40": {"h": [2425], "t": [2424]}, "72": {"h": [1104], "t": [1104]}, "117": {"h": [1114], "t": [1115]}, "0": {"h": [624], "t": [1]}, "39": {"h": [3222], "t": [1439]}, "168": {"h": [2733], "t": [1955]}, "113": {"h": [2884], "t": [1037]}, "124": {"h": [1230], "t": [1233]}, "31": {"h": [1892], "t": [3226]}, "160": {"h": [3231], "t": [3232]}, "96": {"h": [1587], "t": [736]}, "131": {"h": [3547], "t": [2171]}, "150": {"h": [1680], "t": [1681]}, "79": {"h": [2323], "t": [331]}, "14": {"h": [1309], "t": [132]}, "205": {"h": [42], "t": [3476]}, "179": {"h": [2332], "t": [1488]}, "119": {"h": [3465], "t": [2451]}, "110": {"h": [2009], "t": [2010]}, "210": {"h": [169], "t": [3757]}, "195": {"h": [3214], "t": [3551]}, "111": {"h": [1957], "t": [1257]}, "152": {"h": [1216], "t": [1217]}, "197": {"h": [3356], "t": [743]}, "97": {"h": [1810], "t": [743]}, "137": {"h": [2302], "t": [1257]}, "191": {"h": [3506], "t": [130]}, "207": {"h": [2594], "t": [2199]}, "176": {"h": [1605], "t": [1733]}, "1": {"h": [3554], "t": [3554]}, "5": {"h": [156], "t": [455]}, "202": {"h": [3231], "t": [3232]}, "118": {"h": [2990], "t": [2994]}, "89": {"h": [3211], "t": [1562]}, "178": {"h": [3049], "t": [531]}, "141": {"h": [422], "t": [1463]}, "138": {"h": [2632], "t": [1414]}, "56": {"h": [3264], "t": [1988]}, "165": {"h": [1214], "t": [398]}, "194": {"h": [3209], "t": [2008]}, "114": {"h": [2765], "t": [1038]}, "162": {"h": [3667], "t": [3668]}, "45": {"h": [1422], "t": [2231]}, "170": {"h": [3057], "t": [2000]}, "68": {"h": [485], "t": [610]}, "4": {"h": [2211], "t": [400]}}