{"54": {"h": [963], "t": [524]}, "76": {"h": [241], "t": [2392]}, "17": {"h": [1289], "t": [79]}, "72": {"h": [321], "t": [922]}, "61": {"h": [1297], "t": [1298]}, "20": {"h": [604], "t": [606]}, "19": {"h": [2266], "t": [136]}, "29": {"h": [1937], "t": [1938]}, "45": {"h": [1574], "t": [2276]}, "33": {"h": [1540], "t": [270]}, "40": {"h": [630], "t": [1423]}, "51": {"h": [1768], "t": [798]}, "64": {"h": [1212], "t": [147]}, "50": {"h": [1830], "t": [758]}, "28": {"h": [2399], "t": [1096]}, "18": {"h": [1070], "t": [1368]}, "32": {"h": [842], "t": [729]}, "16": {"h": [1363], "t": [1624]}, "31": {"h": [2126], "t": [524]}, "43": {"h": [2203], "t": [2027]}, "22": {"h": [203], "t": [122]}, "62": {"h": [2495], "t": [1363]}, "70": {"h": [2369], "t": [1776]}, "26": {"h": [2021], "t": [152]}, "8": {"h": [2113], "t": [1794]}, "1": {"h": [70], "t": [1130]}, "48": {"h": [2164], "t": [1101]}, "35": {"h": [511], "t": [512]}, "11": {"h": [1290], "t": [498]}, "30": {"h": [1020], "t": [585]}, "23": {"h": [1958], "t": [2050]}, "38": {"h": [1332], "t": [418]}, "69": {"h": [2410], "t": [1762]}, "42": {"h": [2227], "t": [2445]}, "37": {"h": [305], "t": [306]}, "71": {"h": [1830], "t": [1831]}, "7": {"h": [2547], "t": [772]}, "41": {"h": [2059], "t": [410]}, "63": {"h": [1331], "t": [1332]}, "34": {"h": [278], "t": [279]}, "49": {"h": [341], "t": [2044]}, "57": {"h": [1018], "t": [1021]}, "21": {"h": [2288], "t": [341]}, "67": {"h": [110], "t": [1765]}, "4": {"h": [193], "t": [98]}, "47": {"h": [607], "t": [1602]}, "60": {"h": [2049], "t": [2051]}, "39": {"h": [2014], "t": [1570]}, "13": {"h": [440], "t": [1775]}, "74": {"h": [232], "t": [230]}, "12": {"h": [878], "t": [35]}, "15": {"h": [2207], "t": [962]}, "52": {"h": [1945], "t": [903]}, "68": {"h": [1693], "t": [524]}, "6": {"h": [19], "t": [20]}, "44": {"h": [1981], "t": [1813]}, "25": {"h": [2216], "t": [2055]}, "55": {"h": [1740], "t": [501]}, "73": {"h": [2093], "t": [1060]}, "9": {"h": [1830], "t": [508]}, "59": {"h": [2127], "t": [655]}, "36": {"h": [294], "t": [295]}, "14": {"h": [932], "t": [936]}, "65": {"h": [1378], "t": [1426]}, "27": {"h": [234], "t": [235]}, "3": {"h": [1378], "t": [167]}, "5": {"h": [1054], "t": [1996]}, "75": {"h": [2211], "t": [1318]}, "66": {"h": [2356], "t": [1390]}, "0": {"h": [830], "t": [1]}, "10": {"h": [1151], "t": [482]}, "2": {"h": [327], "t": [6]}, "24": {"h": [2352], "t": [1318]}, "56": {"h": [2441], "t": [1817]}, "58": {"h": [318], "t": [1098]}, "53": {"h": [874], "t": [1356]}, "46": {"h": [1979], "t": [1124]}}