{"36": {"h": [802], "t": [3254]}, "72": {"h": [1351], "t": [1351]}, "28": {"h": [183], "t": [530]}, "207": {"h": [2505], "t": [708]}, "165": {"h": [2130], "t": [111]}, "211": {"h": [3770], "t": [3766]}, "110": {"h": [1258], "t": [1255]}, "141": {"h": [849], "t": [1463]}, "68": {"h": [1508], "t": [400]}, "89": {"h": [242], "t": [1562]}, "170": {"h": [508], "t": [1998]}, "5": {"h": [3171], "t": [25]}, "179": {"h": [2332], "t": [1488]}, "1": {"h": [4095], "t": [2543]}, "40": {"h": [2425], "t": [2424]}, "178": {"h": [3373], "t": [3429]}, "14": {"h": [2501], "t": [382]}, "194": {"h": [3209], "t": [2008]}, "15": {"h": [3652], "t": [3698]}, "119": {"h": [3185], "t": [3829]}, "77": {"h": [158], "t": [2131]}, "80": {"h": [2491], "t": [638]}, "153": {"h": [667], "t": [3678]}, "73": {"h": [67], "t": [1861]}, "155": {"h": [395], "t": [1789]}, "56": {"h": [2771], "t": [24]}, "177": {"h": [3733], "t": [2240]}, "127": {"h": [3722], "t": [3609]}, "195": {"h": [3214], "t": [56]}, "150": {"h": [1680], "t": [1681]}, "118": {"h": [2990], "t": [3001]}, "112": {"h": [910], "t": [889]}, "113": {"h": [2566], "t": [1031]}, "162": {"h": [1165], "t": [3668]}, "4": {"h": [1226], "t": [232]}, "137": {"h": [2123], "t": [1840]}, "101": {"h": [1667], "t": [790]}, "10": {"h": [184], "t": [3866]}, "176": {"h": [1925], "t": [1690]}, "117": {"h": [1114], "t": [1115]}, "99": {"h": [736], "t": [2795]}, "31": {"h": [3947], "t": [1620]}, "210": {"h": [2491], "t": [638]}, "202": {"h": [1552], "t": [1551]}, "29": {"h": [2530], "t": [104]}, "200": {"h": [3577], "t": [3578]}, "191": {"h": [2692], "t": [129]}, "96": {"h": [1283], "t": [736]}, "160": {"h": [766], "t": [2167]}, "138": {"h": [2017], "t": [2899]}, "115": {"h": [2149], "t": [1050]}, "0": {"h": [1887], "t": [1]}, "197": {"h": [3356], "t": [743]}, "111": {"h": [991], "t": [992]}, "2": {"h": [359], "t": [16]}, "148": {"h": [1627], "t": [1150]}, "152": {"h": [151], "t": [1984]}, "131": {"h": [47], "t": [3690]}, "174": {"h": [2103], "t": [2916]}, "45": {"h": [2639], "t": [2929]}, "8": {"h": [707], "t": [1136]}, "114": {"h": [2882], "t": [2883]}, "157": {"h": [3363], "t": [3874]}, "70": {"h": [1734], "t": [2234]}, "79": {"h": [495], "t": [64]}, "97": {"h": [672], "t": [743]}, "205": {"h": [42], "t": [3476]}, "39": {"h": [2233], "t": [1144]}, "168": {"h": [3369], "t": [1955]}, "11": {"h": [851], "t": [151]}, "69": {"h": [1389], "t": [1405]}, "124": {"h": [1230], "t": [2519]}}