{"11": {"h": [454], "t": [105]}, "16": {"h": [2182], "t": [1624]}, "39": {"h": [384], "t": [1512]}, "49": {"h": [1175], "t": [2347]}, "43": {"h": [279], "t": [1200]}, "45": {"h": [217], "t": [2281]}, "73": {"h": [2093], "t": [2401]}, "48": {"h": [29], "t": [1101]}, "38": {"h": [1332], "t": [418]}, "42": {"h": [2227], "t": [133]}, "54": {"h": [963], "t": [524]}, "65": {"h": [1378], "t": [1379]}, "75": {"h": [1785], "t": [679]}, "25": {"h": [1147], "t": [1227]}, "4": {"h": [2319], "t": [9]}, "72": {"h": [1199], "t": [279]}, "62": {"h": [2495], "t": [75]}, "46": {"h": [1293], "t": [680]}, "60": {"h": [1511], "t": [1266]}, "5": {"h": [781], "t": [1003]}, "55": {"h": [2462], "t": [2018]}, "47": {"h": [1984], "t": [1986]}, "57": {"h": [1018], "t": [1025]}, "14": {"h": [1401], "t": [1402]}, "52": {"h": [1560], "t": [253]}, "9": {"h": [542], "t": [94]}, "28": {"h": [1556], "t": [1773]}, "36": {"h": [2425], "t": [1763]}, "10": {"h": [595], "t": [389]}, "63": {"h": [2035], "t": [2310]}, "0": {"h": [2604], "t": [1]}, "41": {"h": [406], "t": [219]}, "17": {"h": [1021], "t": [232]}, "44": {"h": [677], "t": [558]}, "12": {"h": [1515], "t": [35]}, "59": {"h": [1110], "t": [539]}, "70": {"h": [1625], "t": [2223]}, "8": {"h": [1557], "t": [318]}, "13": {"h": [1373], "t": [1375]}, "37": {"h": [305], "t": [306]}, "6": {"h": [2181], "t": [20]}, "27": {"h": [2161], "t": [2162]}, "40": {"h": [365], "t": [101]}, "67": {"h": [28], "t": [1766]}, "31": {"h": [312], "t": [524]}, "7": {"h": [2250], "t": [430]}, "53": {"h": [874], "t": [1356]}, "35": {"h": [1620], "t": [324]}, "32": {"h": [102], "t": [461]}, "23": {"h": [2169], "t": [6]}, "66": {"h": [1389], "t": [1390]}, "56": {"h": [818], "t": [535]}, "18": {"h": [1416], "t": [1134]}, "29": {"h": [2021], "t": [2079]}, "19": {"h": [135], "t": [136]}, "74": {"h": [79], "t": [232]}, "30": {"h": [894], "t": [653]}, "50": {"h": [2259], "t": [1302]}, "64": {"h": [856], "t": [142]}, "76": {"h": [241], "t": [2394]}, "26": {"h": [1052], "t": [318]}, "34": {"h": [1754], "t": [2430]}, "33": {"h": [301], "t": [1082]}, "51": {"h": [574], "t": [1744]}, "24": {"h": [2352], "t": [406]}, "69": {"h": [2022], "t": [1762]}, "71": {"h": [2093], "t": [2094]}, "2": {"h": [844], "t": [6]}, "1": {"h": [111], "t": [1545]}, "3": {"h": [2086], "t": [127]}, "68": {"h": [1650], "t": [577]}, "20": {"h": [2288], "t": [2527]}, "22": {"h": [203], "t": [1768]}, "15": {"h": [1388], "t": [1878]}, "61": {"h": [1297], "t": [1298]}, "21": {"h": [340], "t": [341]}, "58": {"h": [122], "t": [1206]}}