{"68": {"h": [646], "t": [2049]}, "85": {"h": [1440], "t": [1441]}, "6": {"h": [16], "t": [17]}, "48": {"h": [696], "t": [359]}, "60": {"h": [759], "t": [760]}, "46": {"h": [458], "t": [376]}, "3": {"h": [433], "t": [2076]}, "75": {"h": [1339], "t": [1341]}, "73": {"h": [1129], "t": [351]}, "29": {"h": [916], "t": [420]}, "31": {"h": [259], "t": [295]}, "14": {"h": [132], "t": [70]}, "65": {"h": [23], "t": [486]}, "36": {"h": [927], "t": [372]}, "16": {"h": [103], "t": [104]}, "23": {"h": [249], "t": [233]}, "67": {"h": [233], "t": [1029]}, "90": {"h": [1565], "t": [473]}, "53": {"h": [1060], "t": [490]}, "117": {"h": [2248], "t": [2162]}, "96": {"h": [1698], "t": [473]}, "118": {"h": [2274], "t": [1042]}, "112": {"h": [518], "t": [1909]}, "18": {"h": [222], "t": [224]}, "17": {"h": [1669], "t": [118]}, "63": {"h": [466], "t": [826]}, "81": {"h": [1361], "t": [7]}, "74": {"h": [1145], "t": [1190]}, "76": {"h": [1829], "t": [23]}, "79": {"h": [1349], "t": [698]}, "22": {"h": [259], "t": [269]}, "56": {"h": [576], "t": [577]}, "35": {"h": [381], "t": [357]}, "49": {"h": [2294], "t": [2306]}, "116": {"h": [319], "t": [2031]}, "32": {"h": [1944], "t": [1934]}, "98": {"h": [1716], "t": [1711]}, "43": {"h": [44], "t": [451]}, "80": {"h": [1363], "t": [1364]}, "64": {"h": [931], "t": [492]}, "51": {"h": [695], "t": [214]}, "10": {"h": [1094], "t": [47]}, "37": {"h": [381], "t": [394]}, "19": {"h": [236], "t": [233]}, "104": {"h": [1878], "t": [1881]}, "66": {"h": [1042], "t": [486]}, "100": {"h": [1786], "t": [65]}, "97": {"h": [1710], "t": [1347]}, "83": {"h": [1409], "t": [518]}, "114": {"h": [1974], "t": [286]}, "58": {"h": [1311], "t": [1312]}, "41": {"h": [437], "t": [438]}, "59": {"h": [721], "t": [2115]}, "89": {"h": [1621], "t": [502]}}