{"63": {"h": [244], "t": [690]}, "28": {"h": [613], "t": [159]}, "71": {"h": [911], "t": [8]}, "31": {"h": [238], "t": [150]}, "4": {"h": [53], "t": [73]}, "45": {"h": [290], "t": [1159]}, "80": {"h": [1015], "t": [681]}, "90": {"h": [763], "t": [1119]}, "11": {"h": [1232], "t": [1150]}, "3": {"h": [278], "t": [1515]}, "74": {"h": [952], "t": [953]}, "107": {"h": [1405], "t": [1415]}, "69": {"h": [833], "t": [665]}, "27": {"h": [192], "t": [178]}, "41": {"h": [1378], "t": [559]}, "110": {"h": [1396], "t": [1435]}, "29": {"h": [210], "t": [211]}, "85": {"h": [1043], "t": [1046]}, "83": {"h": [1008], "t": [1]}, "30": {"h": [616], "t": [617]}, "64": {"h": [1185], "t": [725]}, "115": {"h": [1566], "t": [244]}, "15": {"h": [582], "t": [121]}, "96": {"h": [443], "t": [1384]}, "47": {"h": [1274], "t": [294]}, "16": {"h": [143], "t": [98]}, "1": {"h": [17], "t": [25]}, "86": {"h": [251], "t": [1049]}, "50": {"h": [504], "t": [438]}, "106": {"h": [1407], "t": [1391]}, "58": {"h": [785], "t": [1015]}, "94": {"h": [1228], "t": [1229]}, "61": {"h": [1427], "t": [159]}, "60": {"h": [777], "t": [1420]}, "92": {"h": [36], "t": [664]}, "66": {"h": [71], "t": [738]}, "37": {"h": [1152], "t": [251]}, "44": {"h": [286], "t": [282]}, "2": {"h": [12], "t": [22]}, "67": {"h": [38], "t": [759]}, "12": {"h": [1000], "t": [140]}, "62": {"h": [1381], "t": [121]}, "9": {"h": [729], "t": [71]}, "46": {"h": [1014], "t": [154]}, "99": {"h": [1391], "t": [244]}, "84": {"h": [1043], "t": [1044]}, "19": {"h": [222], "t": [150]}, "39": {"h": [254], "t": [255]}, "73": {"h": [923], "t": [942]}, "24": {"h": [163], "t": [162]}, "59": {"h": [34], "t": [678]}, "82": {"h": [1008], "t": [1038]}, "57": {"h": [651], "t": [649]}, "112": {"h": [606], "t": [246]}, "88": {"h": [1012], "t": [1083]}, "70": {"h": [908], "t": [450]}, "103": {"h": [617], "t": [178]}, "77": {"h": [996], "t": [998]}, "14": {"h": [112], "t": [108]}, "48": {"h": [399], "t": [364]}, "76": {"h": [996], "t": [997]}, "65": {"h": [1298], "t": [1195]}, "95": {"h": [1289], "t": [438]}}