{"69": {"h": [514], "t": [1847]}, "77": {"h": [1248], "t": [364]}, "99": {"h": [1632], "t": [1250]}, "23": {"h": [327], "t": [27]}, "61": {"h": [696], "t": [717]}, "47": {"h": [1020], "t": [1615]}, "107": {"h": [1809], "t": [1810]}, "35": {"h": [271], "t": [315]}, "118": {"h": [2082], "t": [2083]}, "22": {"h": [229], "t": [237]}, "8": {"h": [15], "t": [16]}, "28": {"h": [271], "t": [285]}, "115": {"h": [534], "t": [1836]}, "84": {"h": [1291], "t": [534]}, "19": {"h": [115], "t": [116]}, "58": {"h": [594], "t": [499]}, "20": {"h": [1992], "t": [142]}, "80": {"h": [1253], "t": [573]}, "71": {"h": [560], "t": [1041]}, "31": {"h": [391], "t": [381]}, "3": {"h": [2090], "t": [807]}, "40": {"h": [382], "t": [243]}, "62": {"h": [729], "t": [730]}, "75": {"h": [1116], "t": [370]}, "26": {"h": [339], "t": [27]}, "12": {"h": [57], "t": [58]}, "86": {"h": [1307], "t": [1312]}, "41": {"h": [399], "t": [402]}, "90": {"h": [1428], "t": [501]}, "100": {"h": [1634], "t": [1635]}, "53": {"h": [662], "t": [501]}, "66": {"h": [929], "t": [930]}, "16": {"h": [152], "t": [79]}, "57": {"h": [595], "t": [563]}, "70": {"h": [1257], "t": [949]}, "102": {"h": [1750], "t": [27]}, "103": {"h": [1710], "t": [74]}, "119": {"h": [2066], "t": [2033]}, "82": {"h": [1622], "t": [1623]}, "63": {"h": [766], "t": [467]}, "56": {"h": [632], "t": [229]}, "93": {"h": [1518], "t": [245]}, "29": {"h": [1828], "t": [250]}, "81": {"h": [1276], "t": [812]}, "76": {"h": [1137], "t": [1177]}, "116": {"h": [1866], "t": [305]}, "96": {"h": [1617], "t": [514]}, "14": {"h": [461], "t": [88]}, "89": {"h": [7], "t": [1390]}, "52": {"h": [601], "t": [602]}, "98": {"h": [1620], "t": [501]}, "51": {"h": [484], "t": [485]}}