{"119": {"h": [2049], "t": [2033]}, "82": {"h": [1640], "t": [7]}, "62": {"h": [729], "t": [730]}, "29": {"h": [1911], "t": [1872]}, "3": {"h": [2090], "t": [807]}, "58": {"h": [535], "t": [245]}, "19": {"h": [187], "t": [188]}, "80": {"h": [1253], "t": [573]}, "96": {"h": [1617], "t": [514]}, "8": {"h": [15], "t": [16]}, "76": {"h": [1196], "t": [431]}, "86": {"h": [1326], "t": [5]}, "52": {"h": [511], "t": [512]}, "89": {"h": [7], "t": [1389]}, "53": {"h": [598], "t": [501]}, "93": {"h": [1528], "t": [245]}, "57": {"h": [674], "t": [563]}, "47": {"h": [639], "t": [1963]}, "84": {"h": [1297], "t": [534]}, "35": {"h": [271], "t": [314]}, "81": {"h": [1274], "t": [520]}, "66": {"h": [929], "t": [930]}, "41": {"h": [399], "t": [407]}, "75": {"h": [1116], "t": [370]}, "14": {"h": [461], "t": [88]}, "61": {"h": [741], "t": [697]}, "16": {"h": [123], "t": [79]}, "20": {"h": [1549], "t": [142]}, "40": {"h": [399], "t": [400]}, "118": {"h": [2082], "t": [2083]}, "26": {"h": [1425], "t": [27]}, "98": {"h": [1620], "t": [501]}, "28": {"h": [271], "t": [293]}, "23": {"h": [327], "t": [27]}, "115": {"h": [501], "t": [258]}, "102": {"h": [1711], "t": [27]}, "51": {"h": [484], "t": [485]}, "100": {"h": [1634], "t": [1635]}, "56": {"h": [607], "t": [574]}, "70": {"h": [1040], "t": [969]}, "31": {"h": [767], "t": [768]}, "69": {"h": [338], "t": [1947]}, "107": {"h": [1809], "t": [1810]}, "63": {"h": [790], "t": [305]}, "103": {"h": [1710], "t": [74]}, "12": {"h": [1079], "t": [54]}, "99": {"h": [1631], "t": [1250]}, "71": {"h": [560], "t": [1041]}, "90": {"h": [1428], "t": [501]}, "116": {"h": [1866], "t": [305]}, "77": {"h": [1243], "t": [1245]}, "22": {"h": [219], "t": [226]}}