{"117": {"h": [2183], "t": [2162]}, "81": {"h": [1371], "t": [7]}, "60": {"h": [2139], "t": [760]}, "32": {"h": [1945], "t": [1734]}, "3": {"h": [6], "t": [7]}, "43": {"h": [44], "t": [450]}, "53": {"h": [676], "t": [612]}, "16": {"h": [103], "t": [104]}, "79": {"h": [1350], "t": [372]}, "89": {"h": [1564], "t": [473]}, "6": {"h": [1462], "t": [17]}, "116": {"h": [319], "t": [2031]}, "74": {"h": [1145], "t": [1281]}, "85": {"h": [1438], "t": [5]}, "56": {"h": [639], "t": [640]}, "58": {"h": [682], "t": [683]}, "49": {"h": [2294], "t": [2307]}, "90": {"h": [1565], "t": [473]}, "48": {"h": [582], "t": [483]}, "68": {"h": [1010], "t": [1011]}, "83": {"h": [1404], "t": [518]}, "31": {"h": [259], "t": [292]}, "80": {"h": [1671], "t": [7]}, "65": {"h": [1067], "t": [319]}, "37": {"h": [381], "t": [400]}, "73": {"h": [1129], "t": [351]}, "41": {"h": [437], "t": [78]}, "59": {"h": [765], "t": [767]}, "14": {"h": [1665], "t": [123]}, "17": {"h": [1383], "t": [118]}, "35": {"h": [381], "t": [970]}, "118": {"h": [2274], "t": [983]}, "23": {"h": [827], "t": [23]}, "96": {"h": [1698], "t": [473]}, "22": {"h": [240], "t": [241]}, "19": {"h": [317], "t": [233]}, "112": {"h": [518], "t": [1909]}, "76": {"h": [1826], "t": [23]}, "46": {"h": [458], "t": [376]}, "98": {"h": [1716], "t": [1711]}, "51": {"h": [573], "t": [222]}, "66": {"h": [1010], "t": [486]}, "29": {"h": [786], "t": [420]}, "63": {"h": [1536], "t": [1537]}, "104": {"h": [1878], "t": [1883]}, "36": {"h": [2282], "t": [246]}, "100": {"h": [176], "t": [1799]}, "10": {"h": [1102], "t": [49]}, "97": {"h": [1717], "t": [1347]}, "67": {"h": [233], "t": [1029]}, "64": {"h": [931], "t": [492]}, "114": {"h": [1974], "t": [286]}, "75": {"h": [1339], "t": [1784]}, "18": {"h": [214], "t": [215]}}