{"47": {"h": [1478], "t": [1488]}, "36": {"h": [865], "t": [866]}, "51": {"h": [567], "t": [1613]}, "19": {"h": [879], "t": [880]}, "3": {"h": [763], "t": [768]}, "46": {"h": [1416], "t": [1438]}, "34": {"h": [10], "t": [826]}, "1": {"h": [1197], "t": [1603]}, "16": {"h": [196], "t": [136]}, "10": {"h": [75], "t": [77]}, "35": {"h": [1377], "t": [833]}, "8": {"h": [64], "t": [104]}, "30": {"h": [677], "t": [675]}, "14": {"h": [220], "t": [119]}, "27": {"h": [710], "t": [711]}, "43": {"h": [1286], "t": [814]}, "31": {"h": [694], "t": [703]}, "29": {"h": [1144], "t": [1488]}, "42": {"h": [1360], "t": [1361]}, "39": {"h": [1138], "t": [567]}, "25": {"h": [791], "t": [508]}, "20": {"h": [1087], "t": [430]}, "11": {"h": [84], "t": [1617]}, "38": {"h": [814], "t": [1315]}, "52": {"h": [438], "t": [1574]}, "24": {"h": [596], "t": [502]}, "7": {"h": [520], "t": [430]}, "45": {"h": [226], "t": [23]}, "33": {"h": [805], "t": [598]}, "17": {"h": [378], "t": [184]}, "9": {"h": [107], "t": [928]}, "48": {"h": [1430], "t": [194]}, "41": {"h": [1137], "t": [1129]}, "12": {"h": [738], "t": [91]}, "15": {"h": [1241], "t": [159]}, "44": {"h": [119], "t": [1404]}, "4": {"h": [22], "t": [34]}, "18": {"h": [356], "t": [1059]}, "37": {"h": [929], "t": [883]}, "23": {"h": [451], "t": [450]}, "13": {"h": [10], "t": [99]}, "0": {"h": [1057], "t": [8]}, "22": {"h": [440], "t": [23]}, "21": {"h": [443], "t": [438]}, "26": {"h": [759], "t": [550]}, "6": {"h": [22], "t": [23]}, "32": {"h": [1368], "t": [567]}, "50": {"h": [219], "t": [643]}, "2": {"h": [897], "t": [101]}, "28": {"h": [1009], "t": [1021]}, "40": {"h": [1095], "t": [1129]}, "5": {"h": [52], "t": [53]}, "49": {"h": [711], "t": [1539]}}