{"15": {"h": [515], "t": [453]}, "16": {"h": [139], "t": [98]}, "11": {"h": [1149], "t": [1150]}, "94": {"h": [290], "t": [1229]}, "19": {"h": [1109], "t": [150]}, "60": {"h": [34], "t": [680]}, "63": {"h": [244], "t": [690]}, "77": {"h": [996], "t": [998]}, "31": {"h": [238], "t": [150]}, "107": {"h": [1405], "t": [1415]}, "115": {"h": [1566], "t": [244]}, "59": {"h": [1065], "t": [288]}, "96": {"h": [443], "t": [1386]}, "4": {"h": [1535], "t": [53]}, "80": {"h": [1015], "t": [681]}, "65": {"h": [1242], "t": [722]}, "29": {"h": [210], "t": [212]}, "70": {"h": [909], "t": [450]}, "83": {"h": [1008], "t": [1]}, "39": {"h": [254], "t": [255]}, "47": {"h": [1075], "t": [294]}, "92": {"h": [1527], "t": [1142]}, "73": {"h": [985], "t": [984]}, "69": {"h": [822], "t": [777]}, "67": {"h": [38], "t": [536]}, "24": {"h": [205], "t": [162]}, "3": {"h": [278], "t": [1510]}, "48": {"h": [303], "t": [299]}, "28": {"h": [200], "t": [159]}, "82": {"h": [1074], "t": [722]}, "9": {"h": [710], "t": [79]}, "71": {"h": [912], "t": [8]}, "62": {"h": [684], "t": [453]}, "44": {"h": [285], "t": [282]}, "64": {"h": [1327], "t": [725]}, "74": {"h": [952], "t": [953]}, "76": {"h": [996], "t": [980]}, "110": {"h": [1396], "t": [1435]}, "99": {"h": [1391], "t": [244]}, "85": {"h": [1043], "t": [1046]}, "30": {"h": [1438], "t": [196]}, "45": {"h": [1159], "t": [290]}, "103": {"h": [644], "t": [178]}, "27": {"h": [238], "t": [178]}, "90": {"h": [763], "t": [1119]}, "84": {"h": [1043], "t": [1044]}, "112": {"h": [606], "t": [246]}, "88": {"h": [1012], "t": [1083]}, "86": {"h": [251], "t": [1051]}, "41": {"h": [667], "t": [478]}, "12": {"h": [99], "t": [95]}, "61": {"h": [34], "t": [683]}, "37": {"h": [453], "t": [1444]}, "66": {"h": [103], "t": [739]}, "2": {"h": [17], "t": [23]}, "50": {"h": [476], "t": [453]}, "95": {"h": [1258], "t": [453]}, "106": {"h": [1407], "t": [1391]}, "1": {"h": [7], "t": [0]}, "57": {"h": [651], "t": [197]}, "46": {"h": [1266], "t": [1034]}, "14": {"h": [110], "t": [108]}, "58": {"h": [777], "t": [1019]}}