{"63": {"h": [490], "t": [1917]}, "75": {"h": [1339], "t": [1340]}, "97": {"h": [1710], "t": [1347]}, "19": {"h": [247], "t": [233]}, "59": {"h": [759], "t": [764]}, "68": {"h": [646], "t": [2046]}, "104": {"h": [1884], "t": [1880]}, "31": {"h": [259], "t": [293]}, "118": {"h": [2274], "t": [970]}, "18": {"h": [222], "t": [230]}, "6": {"h": [1462], "t": [17]}, "22": {"h": [240], "t": [241]}, "112": {"h": [518], "t": [1909]}, "83": {"h": [1407], "t": [518]}, "16": {"h": [103], "t": [104]}, "53": {"h": [934], "t": [486]}, "17": {"h": [1604], "t": [118]}, "79": {"h": [1350], "t": [372]}, "67": {"h": [357], "t": [1029]}, "29": {"h": [786], "t": [420]}, "3": {"h": [433], "t": [2053]}, "35": {"h": [361], "t": [23]}, "60": {"h": [2139], "t": [760]}, "73": {"h": [1129], "t": [351]}, "23": {"h": [375], "t": [23]}, "10": {"h": [1101], "t": [49]}, "85": {"h": [1440], "t": [1451]}, "37": {"h": [381], "t": [382]}, "64": {"h": [1538], "t": [473]}, "43": {"h": [44], "t": [450]}, "98": {"h": [1716], "t": [1711]}, "48": {"h": [696], "t": [359]}, "65": {"h": [1067], "t": [319]}, "14": {"h": [143], "t": [70]}, "49": {"h": [662], "t": [473]}, "66": {"h": [1001], "t": [486]}, "76": {"h": [1792], "t": [612]}, "100": {"h": [1759], "t": [65]}, "117": {"h": [2228], "t": [2162]}, "81": {"h": [1371], "t": [7]}, "36": {"h": [2282], "t": [246]}, "51": {"h": [698], "t": [214]}, "90": {"h": [1617], "t": [304]}, "32": {"h": [315], "t": [319]}, "80": {"h": [1395], "t": [7]}, "74": {"h": [1145], "t": [1259]}, "114": {"h": [1968], "t": [288]}, "89": {"h": [1696], "t": [490]}, "41": {"h": [437], "t": [442]}, "58": {"h": [682], "t": [683]}, "56": {"h": [576], "t": [577]}, "96": {"h": [1699], "t": [490]}, "116": {"h": [319], "t": [2031]}, "46": {"h": [458], "t": [376]}}