{"47": {"h": [1615], "t": [1023]}, "86": {"h": [1307], "t": [1314]}, "8": {"h": [15], "t": [16]}, "57": {"h": [595], "t": [563]}, "62": {"h": [729], "t": [730]}, "51": {"h": [484], "t": [485]}, "3": {"h": [807], "t": [1965]}, "77": {"h": [1248], "t": [364]}, "75": {"h": [1116], "t": [370]}, "31": {"h": [394], "t": [396]}, "35": {"h": [347], "t": [349]}, "16": {"h": [152], "t": [79]}, "66": {"h": [929], "t": [930]}, "63": {"h": [1426], "t": [573]}, "19": {"h": [115], "t": [116]}, "26": {"h": [323], "t": [243]}, "71": {"h": [563], "t": [1042]}, "93": {"h": [1528], "t": [245]}, "58": {"h": [535], "t": [245]}, "119": {"h": [2051], "t": [2033]}, "98": {"h": [1620], "t": [501]}, "118": {"h": [2048], "t": [994]}, "115": {"h": [534], "t": [1836]}, "22": {"h": [219], "t": [221]}, "20": {"h": [1510], "t": [142]}, "69": {"h": [338], "t": [1947]}, "82": {"h": [1261], "t": [7]}, "76": {"h": [1137], "t": [1141]}, "102": {"h": [1713], "t": [27]}, "80": {"h": [1253], "t": [573]}, "28": {"h": [251], "t": [256]}, "52": {"h": [495], "t": [496]}, "40": {"h": [380], "t": [27]}, "53": {"h": [689], "t": [501]}, "100": {"h": [1634], "t": [1635]}, "81": {"h": [1277], "t": [7]}, "90": {"h": [1428], "t": [501]}, "56": {"h": [567], "t": [229]}, "12": {"h": [53], "t": [55]}, "41": {"h": [399], "t": [408]}, "23": {"h": [270], "t": [243]}, "107": {"h": [1809], "t": [1810]}, "70": {"h": [948], "t": [949]}, "103": {"h": [1710], "t": [74]}, "99": {"h": [1631], "t": [1250]}, "84": {"h": [1299], "t": [534]}, "14": {"h": [67], "t": [68]}, "116": {"h": [1866], "t": [305]}, "89": {"h": [7], "t": [1389]}, "29": {"h": [886], "t": [1872]}, "61": {"h": [697], "t": [2010]}, "96": {"h": [1533], "t": [524]}}