{"24": {"h": [796], "t": [502]}, "22": {"h": [440], "t": [23]}, "41": {"h": [1132], "t": [1129]}, "13": {"h": [99], "t": [115]}, "51": {"h": [567], "t": [1607]}, "11": {"h": [84], "t": [1631]}, "4": {"h": [11], "t": [14]}, "34": {"h": [10], "t": [825]}, "19": {"h": [879], "t": [880]}, "8": {"h": [884], "t": [899]}, "20": {"h": [1086], "t": [430]}, "0": {"h": [1272], "t": [8]}, "3": {"h": [88], "t": [55]}, "39": {"h": [1134], "t": [567]}, "16": {"h": [645], "t": [215]}, "23": {"h": [488], "t": [450]}, "33": {"h": [805], "t": [598]}, "37": {"h": [883], "t": [64]}, "17": {"h": [1473], "t": [184]}, "35": {"h": [849], "t": [859]}, "43": {"h": [826], "t": [1287]}, "44": {"h": [194], "t": [1408]}, "47": {"h": [201], "t": [1462]}, "49": {"h": [711], "t": [1542]}, "52": {"h": [438], "t": [1574]}, "1": {"h": [1144], "t": [1503]}, "29": {"h": [940], "t": [960]}, "10": {"h": [75], "t": [77]}, "9": {"h": [1276], "t": [814]}, "26": {"h": [1164], "t": [550]}, "31": {"h": [694], "t": [706]}, "36": {"h": [865], "t": [866]}, "7": {"h": [534], "t": [430]}, "32": {"h": [1368], "t": [567]}, "2": {"h": [58], "t": [10]}, "14": {"h": [126], "t": [119]}, "27": {"h": [742], "t": [561]}, "21": {"h": [435], "t": [438]}, "45": {"h": [226], "t": [23]}, "25": {"h": [357], "t": [792]}, "50": {"h": [1431], "t": [1468]}, "30": {"h": [1060], "t": [569]}, "42": {"h": [1360], "t": [1361]}, "46": {"h": [1413], "t": [145]}, "38": {"h": [814], "t": [1342]}, "15": {"h": [586], "t": [628]}, "48": {"h": [639], "t": [119]}, "40": {"h": [1616], "t": [1129]}, "12": {"h": [1046], "t": [1047]}, "28": {"h": [1009], "t": [1012]}, "6": {"h": [22], "t": [23]}, "18": {"h": [1073], "t": [788]}, "5": {"h": [763], "t": [43]}}