{"107": {"h": [1405], "t": [1415]}, "14": {"h": [1555], "t": [108]}, "45": {"h": [290], "t": [1164]}, "83": {"h": [1008], "t": [1]}, "61": {"h": [34], "t": [683]}, "11": {"h": [87], "t": [91]}, "3": {"h": [278], "t": [1487]}, "84": {"h": [1043], "t": [1045]}, "106": {"h": [1407], "t": [1391]}, "44": {"h": [1542], "t": [282]}, "29": {"h": [210], "t": [211]}, "24": {"h": [636], "t": [637]}, "67": {"h": [38], "t": [453]}, "95": {"h": [1289], "t": [1290]}, "85": {"h": [1043], "t": [1046]}, "4": {"h": [52], "t": [53]}, "99": {"h": [1391], "t": [244]}, "71": {"h": [912], "t": [913]}, "46": {"h": [1032], "t": [176]}, "69": {"h": [892], "t": [777]}, "60": {"h": [34], "t": [680]}, "103": {"h": [1434], "t": [178]}, "63": {"h": [244], "t": [690]}, "92": {"h": [41], "t": [664]}, "57": {"h": [651], "t": [649]}, "74": {"h": [952], "t": [953]}, "70": {"h": [908], "t": [450]}, "50": {"h": [470], "t": [438]}, "110": {"h": [1396], "t": [1435]}, "64": {"h": [1216], "t": [722]}, "1": {"h": [17], "t": [26]}, "2": {"h": [17], "t": [21]}, "77": {"h": [996], "t": [998]}, "58": {"h": [668], "t": [679]}, "47": {"h": [1274], "t": [294]}, "115": {"h": [1569], "t": [244]}, "31": {"h": [238], "t": [150]}, "59": {"h": [1065], "t": [288]}, "65": {"h": [1298], "t": [1195]}, "94": {"h": [290], "t": [1229]}, "12": {"h": [99], "t": [95]}, "27": {"h": [238], "t": [178]}, "28": {"h": [200], "t": [159]}, "30": {"h": [217], "t": [218]}, "76": {"h": [996], "t": [963]}, "41": {"h": [264], "t": [265]}, "112": {"h": [536], "t": [438]}, "66": {"h": [103], "t": [739]}, "9": {"h": [764], "t": [79]}, "88": {"h": [1012], "t": [1083]}, "80": {"h": [1015], "t": [681]}, "90": {"h": [1118], "t": [1119]}, "62": {"h": [1381], "t": [121]}, "86": {"h": [251], "t": [1065]}, "37": {"h": [450], "t": [529]}, "73": {"h": [923], "t": [933]}, "15": {"h": [461], "t": [296]}, "82": {"h": [1310], "t": [722]}, "19": {"h": [1109], "t": [150]}, "16": {"h": [699], "t": [143]}, "96": {"h": [443], "t": [1383]}, "48": {"h": [335], "t": [354]}, "39": {"h": [254], "t": [255]}}