{"21": {"h": [435], "t": [1361]}, "52": {"h": [438], "t": [1574]}, "20": {"h": [1597], "t": [430]}, "34": {"h": [10], "t": [826]}, "46": {"h": [1416], "t": [1480]}, "39": {"h": [1162], "t": [567]}, "8": {"h": [93], "t": [923]}, "32": {"h": [1125], "t": [567]}, "1": {"h": [198], "t": [1197]}, "48": {"h": [1445], "t": [194]}, "7": {"h": [1598], "t": [430]}, "33": {"h": [805], "t": [598]}, "3": {"h": [763], "t": [1673]}, "12": {"h": [67], "t": [91]}, "11": {"h": [83], "t": [887]}, "36": {"h": [865], "t": [866]}, "44": {"h": [119], "t": [1406]}, "28": {"h": [4], "t": [1055]}, "18": {"h": [1365], "t": [561]}, "25": {"h": [1100], "t": [1103]}, "35": {"h": [837], "t": [846]}, "42": {"h": [1360], "t": [1361]}, "50": {"h": [1431], "t": [1468]}, "13": {"h": [10], "t": [102]}, "51": {"h": [567], "t": [1612]}, "10": {"h": [64], "t": [895]}, "27": {"h": [1528], "t": [711]}, "14": {"h": [380], "t": [119]}, "6": {"h": [22], "t": [23]}, "31": {"h": [694], "t": [702]}, "4": {"h": [22], "t": [33]}, "29": {"h": [940], "t": [979]}, "22": {"h": [440], "t": [23]}, "49": {"h": [711], "t": [1481]}, "19": {"h": [879], "t": [880]}, "0": {"h": [434], "t": [8]}, "41": {"h": [1160], "t": [1129]}, "45": {"h": [226], "t": [23]}, "47": {"h": [159], "t": [1474]}, "9": {"h": [1276], "t": [814]}, "43": {"h": [1284], "t": [814]}, "38": {"h": [1274], "t": [814]}, "40": {"h": [1159], "t": [1129]}, "24": {"h": [1361], "t": [1565]}, "15": {"h": [139], "t": [140]}, "17": {"h": [378], "t": [184]}, "2": {"h": [58], "t": [10]}, "30": {"h": [1581], "t": [1582]}, "37": {"h": [883], "t": [908]}, "26": {"h": [1168], "t": [550]}, "5": {"h": [763], "t": [770]}, "16": {"h": [233], "t": [215]}, "23": {"h": [494], "t": [450]}}