{"37": {"h": [3705], "t": [3706]}, "87": {"h": [1773], "t": [8658]}, "42": {"h": [8525], "t": [790]}, "67": {"h": [9236], "t": [2837]}, "68": {"h": [8552], "t": [8553]}, "78": {"h": [6507], "t": [620]}, "90": {"h": [8951], "t": [1578]}, "13": {"h": [948], "t": [949]}, "40": {"h": [1800], "t": [577]}, "32": {"h": [1162], "t": [1585]}, "73": {"h": [3424], "t": [3425]}, "66": {"h": [3230], "t": [1742]}, "11": {"h": [6197], "t": [3650]}, "81": {"h": [5273], "t": [2586]}, "44": {"h": [4919], "t": [2712]}, "20": {"h": [7083], "t": [2756]}, "26": {"h": [8847], "t": [1042]}, "49": {"h": [476], "t": [3797]}, "56": {"h": [183], "t": [314]}, "82": {"h": [5762], "t": [2201]}, "12": {"h": [1106], "t": [61]}, "79": {"h": [4762], "t": [3389]}, "41": {"h": [596], "t": [597]}, "2": {"h": [5338], "t": [58]}, "36": {"h": [3341], "t": [510]}, "77": {"h": [3957], "t": [3958]}, "27": {"h": [4474], "t": [1358]}, "6": {"h": [168], "t": [1949]}, "7": {"h": [1168], "t": [508]}, "70": {"h": [3089], "t": [183]}, "1": {"h": [5773], "t": [508]}, "14": {"h": [8817], "t": [39]}, "46": {"h": [1128], "t": [1129]}, "17": {"h": [5535], "t": [2835]}, "0": {"h": [1578], "t": [6855]}, "19": {"h": [5558], "t": [135]}, "54": {"h": [779], "t": [3281]}, "89": {"h": [8899], "t": [8900]}, "59": {"h": [2188], "t": [6331]}, "8": {"h": [7441], "t": [325]}, "86": {"h": [2096], "t": [3545]}}