{"3": {"h": [10124], "t": [11]}, "4": {"h": [3582], "t": [18]}, "6": {"h": [5275], "t": [44]}, "12": {"h": [1509], "t": [1855]}, "8": {"h": [3573], "t": [926]}, "0": {"h": [433], "t": [690]}, "21": {"h": [10969], "t": [1625]}, "22": {"h": [1539], "t": [2821]}, "26": {"h": [10593], "t": [2092]}, "1": {"h": [6722], "t": [872]}, "15": {"h": [11246], "t": [2060]}, "19": {"h": [10106], "t": [1010]}, "28": {"h": [8023], "t": [5801]}, "32": {"h": [11645], "t": [10954]}, "23": {"h": [5692], "t": [962]}, "35": {"h": [11480], "t": [11481]}, "2": {"h": [10684], "t": [67]}, "5": {"h": [2123], "t": [2002]}, "10": {"h": [3034], "t": [3035]}, "17": {"h": [9529], "t": [970]}, "20": {"h": [3271], "t": [1504]}, "7": {"h": [8674], "t": [201]}, "16": {"h": [1680], "t": [1167]}, "18": {"h": [11772], "t": [11773]}, "25": {"h": [393], "t": [1730]}, "29": {"h": [10867], "t": [5818]}, "9": {"h": [4623], "t": [237]}, "31": {"h": [1608], "t": [1604]}, "11": {"h": [8945], "t": [4402]}, "30": {"h": [392], "t": [4152]}, "33": {"h": [6302], "t": [2520]}, "36": {"h": [12112], "t": [2828]}, "27": {"h": [6051], "t": [3858]}, "24": {"h": [1589], "t": [1590]}, "14": {"h": [3943], "t": [543]}, "34": {"h": [1730], "t": [11120]}, "13": {"h": [2496], "t": [882]}}