{"16": {"h": [6220], "t": [2931]}, "12": {"h": [257], "t": [44]}, "20": {"h": [547], "t": [548]}, "34": {"h": [11670], "t": [11122]}, "17": {"h": [1484], "t": [859]}, "27": {"h": [6745], "t": [2218]}, "21": {"h": [2450], "t": [2451]}, "4": {"h": [5188], "t": [46]}, "14": {"h": [6851], "t": [80]}, "26": {"h": [2091], "t": [2092]}, "33": {"h": [6302], "t": [2583]}, "28": {"h": [1598], "t": [7565]}, "11": {"h": [2894], "t": [1576]}, "29": {"h": [4668], "t": [4238]}, "31": {"h": [1608], "t": [1604]}, "24": {"h": [1589], "t": [1590]}, "7": {"h": [8776], "t": [201]}, "35": {"h": [11480], "t": [11481]}, "6": {"h": [6937], "t": [339]}, "13": {"h": [2532], "t": [186]}, "1": {"h": [817], "t": [818]}, "30": {"h": [4962], "t": [4151]}, "32": {"h": [8424], "t": [12023]}, "18": {"h": [4333], "t": [4334]}, "2": {"h": [2291], "t": [67]}, "23": {"h": [11207], "t": [962]}, "9": {"h": [551], "t": [552]}, "15": {"h": [2493], "t": [133]}, "0": {"h": [5784], "t": [1292]}, "22": {"h": [3426], "t": [5050]}, "19": {"h": [11173], "t": [1010]}, "25": {"h": [393], "t": [1730]}, "3": {"h": [4797], "t": [3082]}, "10": {"h": [9486], "t": [2765]}, "36": {"h": [12112], "t": [2828]}, "5": {"h": [5741], "t": [7720]}, "8": {"h": [11967], "t": [1987]}}