{"70": {"h": [3081], "t": [2740]}, "71": {"h": [2136], "t": [551]}, "37": {"h": [1988], "t": [1989]}, "30": {"h": [2346], "t": [1149]}, "51": {"h": [875], "t": [876]}, "38": {"h": [507], "t": [508]}, "63": {"h": [682], "t": [1623]}, "46": {"h": [614], "t": [615]}, "36": {"h": [2151], "t": [403]}, "9": {"h": [2550], "t": [17]}, "33": {"h": [2933], "t": [902]}, "62": {"h": [1507], "t": [1086]}, "65": {"h": [2263], "t": [2264]}, "73": {"h": [64], "t": [3161]}, "8": {"h": [1842], "t": [15]}, "31": {"h": [364], "t": [363]}, "69": {"h": [2524], "t": [2525]}, "66": {"h": [2452], "t": [2453]}, "2": {"h": [4], "t": [5]}, "45": {"h": [1557], "t": [1404]}, "44": {"h": [561], "t": [562]}, "67": {"h": [2463], "t": [3]}, "14": {"h": [1130], "t": [17]}, "53": {"h": [943], "t": [691]}, "16": {"h": [1765], "t": [1325]}, "68": {"h": [2478], "t": [2479]}, "22": {"h": [3019], "t": [167]}, "60": {"h": [1446], "t": [353]}, "29": {"h": [249], "t": [250]}, "72": {"h": [1086], "t": [1328]}, "27": {"h": [2489], "t": [693]}, "58": {"h": [513], "t": [1290]}, "0": {"h": [2445], "t": [337]}, "18": {"h": [1721], "t": [939]}, "39": {"h": [372], "t": [249]}, "28": {"h": [650], "t": [652]}, "57": {"h": [1235], "t": [1238]}, "54": {"h": [1209], "t": [1210]}}