{"36": {"h": [12112], "t": [2828]}, "31": {"h": [2892], "t": [2898]}, "19": {"h": [8840], "t": [1420]}, "4": {"h": [8755], "t": [46]}, "8": {"h": [5236], "t": [1636]}, "1": {"h": [6661], "t": [494]}, "35": {"h": [11480], "t": [11481]}, "12": {"h": [1042], "t": [468]}, "33": {"h": [6302], "t": [2520]}, "6": {"h": [2000], "t": [44]}, "7": {"h": [8933], "t": [201]}, "2": {"h": [10820], "t": [67]}, "27": {"h": [11330], "t": [3858]}, "30": {"h": [392], "t": [4151]}, "28": {"h": [1598], "t": [7565]}, "16": {"h": [1652], "t": [1653]}, "32": {"h": [4462], "t": [4463]}, "18": {"h": [11772], "t": [11773]}, "20": {"h": [10474], "t": [548]}, "5": {"h": [9977], "t": [2333]}, "3": {"h": [10503], "t": [31]}, "15": {"h": [633], "t": [634]}, "23": {"h": [10916], "t": [962]}, "25": {"h": [484], "t": [1730]}, "0": {"h": [3249], "t": [1487]}, "24": {"h": [1589], "t": [1590]}, "13": {"h": [4880], "t": [186]}, "9": {"h": [7145], "t": [439]}, "34": {"h": [1730], "t": [11122]}, "29": {"h": [3828], "t": [3830]}, "11": {"h": [9598], "t": [9599]}, "22": {"h": [4545], "t": [5011]}, "14": {"h": [11482], "t": [537]}, "17": {"h": [4717], "t": [1127]}, "21": {"h": [2188], "t": [2643]}, "26": {"h": [1730], "t": [2092]}, "10": {"h": [9591], "t": [7960]}}