{"78": {"h": [4211], "t": [1631]}, "17": {"h": [8494], "t": [337]}, "56": {"h": [1953], "t": [2192]}, "49": {"h": [476], "t": [3797]}, "1": {"h": [1846], "t": [617]}, "32": {"h": [727], "t": [1629]}, "8": {"h": [2666], "t": [2897]}, "11": {"h": [8446], "t": [2167]}, "87": {"h": [1773], "t": [8658]}, "2": {"h": [1985], "t": [1050]}, "86": {"h": [2096], "t": [3545]}, "26": {"h": [3083], "t": [171]}, "12": {"h": [2541], "t": [33]}, "46": {"h": [1426], "t": [1129]}, "42": {"h": [789], "t": [790]}, "37": {"h": [7294], "t": [4133]}, "6": {"h": [377], "t": [1600]}, "14": {"h": [8632], "t": [39]}, "82": {"h": [5762], "t": [2201]}, "77": {"h": [3957], "t": [3958]}, "67": {"h": [7033], "t": [2837]}, "20": {"h": [9078], "t": [21]}, "90": {"h": [8951], "t": [4330]}, "7": {"h": [7394], "t": [508]}, "68": {"h": [8459], "t": [2975]}, "40": {"h": [1800], "t": [577]}, "81": {"h": [5920], "t": [2586]}, "13": {"h": [9135], "t": [540]}, "79": {"h": [4762], "t": [183]}, "66": {"h": [3230], "t": [3231]}, "70": {"h": [3089], "t": [183]}, "89": {"h": [8899], "t": [8900]}, "27": {"h": [2153], "t": [2155]}, "36": {"h": [7666], "t": [510]}, "19": {"h": [1453], "t": [133]}, "54": {"h": [779], "t": [3281]}, "73": {"h": [3424], "t": [3425]}, "41": {"h": [596], "t": [597]}, "44": {"h": [6033], "t": [177]}, "59": {"h": [1270], "t": [1304]}, "0": {"h": [5830], "t": [807]}}