{"8": {"h": [1810], "t": [15]}, "51": {"h": [875], "t": [876]}, "73": {"h": [64], "t": [3161]}, "22": {"h": [978], "t": [2574]}, "54": {"h": [930], "t": [318]}, "66": {"h": [2747], "t": [2748]}, "68": {"h": [2962], "t": [2479]}, "33": {"h": [959], "t": [344]}, "65": {"h": [2263], "t": [2264]}, "31": {"h": [2106], "t": [1086]}, "72": {"h": [1086], "t": [1328]}, "63": {"h": [682], "t": [1623]}, "57": {"h": [1235], "t": [1238]}, "16": {"h": [927], "t": [928]}, "62": {"h": [1507], "t": [1086]}, "44": {"h": [561], "t": [562]}, "29": {"h": [249], "t": [250]}, "67": {"h": [2463], "t": [3]}, "37": {"h": [445], "t": [446]}, "36": {"h": [402], "t": [403]}, "69": {"h": [2524], "t": [2525]}, "53": {"h": [943], "t": [691]}, "2": {"h": [4], "t": [5]}, "9": {"h": [2777], "t": [189]}, "30": {"h": [2346], "t": [1149]}, "71": {"h": [2136], "t": [551]}, "45": {"h": [1588], "t": [170]}, "58": {"h": [513], "t": [1290]}, "14": {"h": [2006], "t": [1283]}, "60": {"h": [1202], "t": [473]}, "0": {"h": [2355], "t": [140]}, "28": {"h": [2624], "t": [340]}, "18": {"h": [2780], "t": [967]}, "38": {"h": [2399], "t": [2400]}, "39": {"h": [372], "t": [249]}, "70": {"h": [3081], "t": [2740]}, "27": {"h": [2752], "t": [473]}, "46": {"h": [2737], "t": [575]}}