{"32": {"h": [801], "t": [802]}, "0": {"h": [681], "t": [1]}, "56": {"h": [90], "t": [804]}, "6": {"h": [2447], "t": [83]}, "15": {"h": [1508], "t": [1454]}, "2": {"h": [1274], "t": [13]}, "21": {"h": [142], "t": [143]}, "5": {"h": [138], "t": [15]}, "36": {"h": [1616], "t": [415]}, "57": {"h": [142], "t": [243]}, "64": {"h": [179], "t": [294]}, "33": {"h": [407], "t": [178]}, "53": {"h": [1257], "t": [1258]}, "22": {"h": [500], "t": [158]}, "30": {"h": [645], "t": [320]}, "13": {"h": [983], "t": [49]}, "35": {"h": [407], "t": [409]}, "38": {"h": [1460], "t": [15]}, "39": {"h": [617], "t": [90]}, "50": {"h": [876], "t": [878]}, "61": {"h": [2451], "t": [1709]}, "62": {"h": [52], "t": [43]}, "27": {"h": [1874], "t": [1306]}, "25": {"h": [201], "t": [202]}, "49": {"h": [90], "t": [872]}, "58": {"h": [672], "t": [1196]}, "4": {"h": [780], "t": [734]}, "48": {"h": [2059], "t": [841]}, "40": {"h": [15], "t": [2090]}, "16": {"h": [1839], "t": [1007]}, "34": {"h": [407], "t": [408]}, "37": {"h": [2011], "t": [523]}, "18": {"h": [71], "t": [72]}, "1": {"h": [1629], "t": [1632]}}