{"27": {"h": [1220], "t": [2239]}, "39": {"h": [617], "t": [90]}, "57": {"h": [18], "t": [1734]}, "62": {"h": [52], "t": [43]}, "48": {"h": [1721], "t": [841]}, "18": {"h": [1591], "t": [1592]}, "58": {"h": [672], "t": [1866]}, "1": {"h": [1392], "t": [544]}, "64": {"h": [179], "t": [294]}, "25": {"h": [2719], "t": [202]}, "34": {"h": [2187], "t": [2188]}, "13": {"h": [1892], "t": [56]}, "49": {"h": [90], "t": [872]}, "40": {"h": [1637], "t": [2090]}, "2": {"h": [193], "t": [5]}, "61": {"h": [2451], "t": [1709]}, "38": {"h": [1277], "t": [15]}, "0": {"h": [898], "t": [1]}, "22": {"h": [1722], "t": [238]}, "30": {"h": [645], "t": [320]}, "4": {"h": [318], "t": [81]}, "56": {"h": [90], "t": [804]}, "32": {"h": [45], "t": [802]}, "35": {"h": [407], "t": [409]}, "50": {"h": [876], "t": [877]}, "5": {"h": [956], "t": [1734]}, "37": {"h": [66], "t": [523]}, "6": {"h": [185], "t": [23]}, "33": {"h": [407], "t": [178]}, "15": {"h": [498], "t": [53]}, "16": {"h": [64], "t": [65]}, "21": {"h": [52], "t": [2350]}, "36": {"h": [2106], "t": [815]}, "53": {"h": [1257], "t": [1258]}}