{"64": {"h": [179], "t": [294]}, "25": {"h": [2719], "t": [202]}, "34": {"h": [2187], "t": [2188]}, "38": {"h": [1277], "t": [15]}, "50": {"h": [876], "t": [878]}, "36": {"h": [2254], "t": [815]}, "16": {"h": [415], "t": [815]}, "53": {"h": [1252], "t": [15]}, "56": {"h": [15], "t": [2245]}, "22": {"h": [2187], "t": [238]}, "39": {"h": [617], "t": [90]}, "27": {"h": [442], "t": [346]}, "35": {"h": [407], "t": [409]}, "37": {"h": [784], "t": [523]}, "49": {"h": [90], "t": [872]}, "40": {"h": [693], "t": [2090]}, "58": {"h": [672], "t": [1868]}, "61": {"h": [2462], "t": [2463]}, "48": {"h": [840], "t": [841]}, "13": {"h": [625], "t": [49]}, "62": {"h": [52], "t": [43]}, "30": {"h": [2015], "t": [320]}, "5": {"h": [666], "t": [656]}, "21": {"h": [204], "t": [205]}, "6": {"h": [1042], "t": [23]}, "0": {"h": [210], "t": [1]}, "18": {"h": [2278], "t": [2279]}, "1": {"h": [409], "t": [989]}, "32": {"h": [373], "t": [374]}, "33": {"h": [407], "t": [178]}, "2": {"h": [88], "t": [7]}, "15": {"h": [2441], "t": [2442]}, "4": {"h": [1692], "t": [1051]}, "57": {"h": [142], "t": [243]}}