{"14": {"h": [2397], "t": [17]}, "51": {"h": [875], "t": [876]}, "60": {"h": [1446], "t": [353]}, "37": {"h": [1988], "t": [1989]}, "39": {"h": [372], "t": [249]}, "33": {"h": [2225], "t": [1235]}, "65": {"h": [2263], "t": [2264]}, "28": {"h": [286], "t": [205]}, "63": {"h": [682], "t": [1623]}, "31": {"h": [2110], "t": [1585]}, "69": {"h": [2524], "t": [2525]}, "45": {"h": [1561], "t": [580]}, "53": {"h": [955], "t": [691]}, "54": {"h": [1209], "t": [1210]}, "57": {"h": [1235], "t": [1238]}, "46": {"h": [2737], "t": [575]}, "9": {"h": [3107], "t": [17]}, "68": {"h": [2962], "t": [2479]}, "71": {"h": [2136], "t": [551]}, "70": {"h": [3081], "t": [2740]}, "62": {"h": [1507], "t": [1086]}, "58": {"h": [513], "t": [1290]}, "27": {"h": [698], "t": [4]}, "16": {"h": [2058], "t": [2059]}, "36": {"h": [402], "t": [403]}, "67": {"h": [2463], "t": [3]}, "66": {"h": [2747], "t": [2748]}, "44": {"h": [561], "t": [562]}, "18": {"h": [3217], "t": [265]}, "30": {"h": [376], "t": [314]}, "2": {"h": [4], "t": [5]}, "73": {"h": [64], "t": [3161]}, "72": {"h": [1086], "t": [1328]}, "8": {"h": [2493], "t": [15]}, "22": {"h": [1706], "t": [1707]}, "0": {"h": [2977], "t": [2353]}, "38": {"h": [507], "t": [508]}, "29": {"h": [249], "t": [250]}}