{"40": {"h": [4592], "t": [1874]}, "59": {"h": [2189], "t": [2629]}, "14": {"h": [8417], "t": [39]}, "79": {"h": [4762], "t": [183]}, "89": {"h": [8899], "t": [8900]}, "2": {"h": [1069], "t": [58]}, "8": {"h": [4677], "t": [1622]}, "70": {"h": [3089], "t": [183]}, "32": {"h": [2757], "t": [454]}, "17": {"h": [5578], "t": [592]}, "82": {"h": [5762], "t": [2201]}, "37": {"h": [3329], "t": [3330]}, "0": {"h": [1782], "t": [4054]}, "7": {"h": [7703], "t": [617]}, "20": {"h": [7707], "t": [258]}, "87": {"h": [1773], "t": [8658]}, "26": {"h": [3658], "t": [1042]}, "73": {"h": [3424], "t": [3425]}, "77": {"h": [3957], "t": [3958]}, "19": {"h": [3442], "t": [2814]}, "1": {"h": [1356], "t": [179]}, "6": {"h": [1023], "t": [991]}, "67": {"h": [9236], "t": [2837]}, "68": {"h": [8552], "t": [2975]}, "12": {"h": [7619], "t": [61]}, "54": {"h": [168], "t": [1948]}, "56": {"h": [183], "t": [2189]}, "66": {"h": [3230], "t": [3231]}, "90": {"h": [8951], "t": [1578]}, "49": {"h": [8490], "t": [8491]}, "36": {"h": [6513], "t": [510]}, "27": {"h": [2255], "t": [1353]}, "41": {"h": [596], "t": [597]}, "46": {"h": [8516], "t": [1707]}, "81": {"h": [5273], "t": [2586]}, "44": {"h": [3203], "t": [3298]}, "78": {"h": [4211], "t": [1631]}, "13": {"h": [1008], "t": [540]}, "11": {"h": [8024], "t": [1253]}, "86": {"h": [2096], "t": [3545]}, "42": {"h": [8525], "t": [790]}}